,time,x,y,z,rx,ry,rz,grip_width,grasp_detected,wrist_camara_capture,fx,fy,fz,tx,ty,tz,qx,qy,qz,qw,speed
125,624.288,315.044,-112.012,292.943,3.134983,0.041248,-0.033055,0.0,0,0,-3.146579942888893,-2.589430770254956,-0.1846387819456057,0.0956355606578171,-0.1613326936256094,0.0373778135174771,0.9998531367859964,0.013155395798365981,-0.010542368311554197,0.0030820270887024627,0.023043437243565997
250,625.288,330.445,-112.027,292.865,3.134976,0.041138,-0.033359,0.0,0,0,-2.966507530300688,-2.0753688964690302,0.0357199384068899,0.0499073235156211,-0.1463536472613053,0.0366196277647579,0.9998525622400811,0.013120334798554267,-0.010639341935557678,0.0030846393462953853,15.40120482300006
375,625.288,330.445,-112.027,292.865,3.134976,0.041138,-0.033359,0.0,0,0,-2.966507530300688,-2.0753688964690302,0.0357199384068899,0.0499073235156211,-0.1463536472613053,0.0366196277647579,0.9998525622400811,0.013120334798554267,-0.010639341935557678,0.0030846393462953853,15.40120482300006
500,626.288,363.779,-112.06099999999999,292.979,3.134944,0.041005,-0.033263,0.0,0,0,-2.9648442766789325,-1.9184536750623729,-0.0584123750364523,0.0384221243852064,-0.1438518622594567,0.0368873675165593,0.9998533864014044,0.013078060759423322,-0.01060884123986582,0.0031020180469449768,33.33421227507859
625,628.288,385.761,-112.036,292.95500000000004,3.134934,0.041171,-0.033244,0.0,0,0,-2.852119850181833,-1.519579257063478,0.0919294700449655,0.0042307936177338,-0.1383565094174505,0.0369750495911097,0.9998527435934534,0.013131037944175562,-0.010602808418939846,0.00310603039001266,20.712029548066976
750,629.288,414.819,-112.062,292.95300000000003,3.134907,0.041081,-0.033187,0.0,0,0,-2.959509069135801,-1.9601832665295744,-0.0528440256233325,0.0420063591452721,-0.1459999203438616,0.0365497196802667,0.9998532653755096,0.013102453117394329,-0.010584725581338468,0.0031204205814858903,29.058011700734095
875,629.288,414.819,-112.062,292.95300000000003,3.134907,0.041081,-0.033187,0.0,0,0,-2.959509069135801,-1.9601832665295744,-0.0528440256233325,0.0420063591452721,-0.1459999203438616,0.0365497196802667,0.9998532653755096,0.013102453117394329,-0.010584725581338468,0.0031204205814858903,29.058011700734095
1000,630.288,417.98999999999995,-112.06099999999999,292.998,3.134954,0.040961,-0.032785,0.0,0,0,-2.841865079976321,-2.226363597046232,0.0817452727787043,0.0642342023370333,-0.13453136593708,0.0371063754521979,0.9998551830106243,0.013064009280933047,-0.010456374216337248,0.0030998236315263245,3.171319441494279
1125,631.288,454.20700000000005,-112.066,292.92600000000004,3.134853,0.041148,-0.033375,0.0,0,0,-3.0107372995785875,-1.8039199365128704,-0.1849979630959933,0.0301045315487724,-0.1477881782943052,0.036869630305382,0.999852263828751,0.013124035146791713,-0.01064485936191731,0.0031459795219868593,36.21707191367087
1250,632.288,464.997,-112.07300000000001,293.02299999999997,3.134855,0.041145,-0.032872,0.0,0,0,-2.9220248759365592,-1.9721256204638304,-0.0545330981786374,0.0419923558260129,-0.1418271808323805,0.0366777488545802,0.9998539659488908,0.013123092273475842,-0.010484440131576081,0.0031476563636394783,10.790438267280862
1375,634.288,514.962,-112.063,293.01800000000003,3.134799,0.041343,-0.0328,0.0,0,0,-2.962846532753283,-1.8921076722644048,-0.076986656288617,0.0383298259453343,-0.1473793785345699,0.0370155973164159,0.9998532851705422,0.013186470446368562,-0.010461655676677766,0.0031747269715573065,23.716014209811853
1500,636.288,514.9399999999999,-112.083,293.06300000000005,3.134862,0.041213,-0.032819,0.0,0,0,-2.968896661045968,-1.9261747176642237,-0.0713520543930322,0.0398527813579662,-0.1469324992792291,0.0368558071646175,0.9998538703665671,0.013144750090886722,-0.010467511543270603,0.003143987934964607,0.04162931659306669
1625,638.288,521.1569999999999,-112.05,293.036,3.134816,0.041335,-0.032834,0.0,0,0,-2.937363228839573,-2.139240422813149,-0.0672555141396257,0.059067343039243,-0.143490974273194,0.0367184668781635,0.9998532341908485,0.0131838466548846,-0.010472442749884627,0.003166103019647477,5.412417574430038
1750,640.288,534.751,-112.054,292.982,3.134837,0.041406,-0.033025,0.0,0,0,-2.948759606101495,-2.299484675612078,-0.0719940786360002,0.0735774340046283,-0.1452264857354295,0.0372905187687919,0.9998523354079306,0.013206391847455153,-0.010533282392943207,0.003154133115285025,6.6896162072274015
1875,642.288,544.778,-112.087,292.976,3.134827,0.041347,-0.033041,0.0,0,0,-2.9265899044723485,-1.978898213695891,0.06368524520745,0.0460565000290946,-0.1417554763392642,0.0366903006684826,0.9998525123043291,0.013187618272474716,-0.010538421054510293,0.0031594374022404026,5.058032127221013
2000,644.288,549.7729999999999,-109.44500000000001,292.86899999999997,3.134803,0.041321,-0.033518,0.0,0,0,-3.07498874928178,-2.123707847596479,0.0101813066639274,0.0537311273990095,-0.1499900386927092,0.0362713689996901,0.999850974265111,0.013179406204347977,-0.01069062552109909,0.003169075445070693,2.6690990989470524
2125,645.288,549.745,-73.35,292.914,3.134775,0.041548,-0.033375,0.0,0,0,-2.7587845230653767,-2.291123513121055,-0.0069481460900512,0.0699638264804326,-0.1258495829290561,0.0368433131615965,0.9998504593675901,0.013251919798328312,-0.010645105017550964,0.0031823361297465516,36.095038911185576
2250,647.288,549.762,-45.891,292.935,3.134658,0.040883,-0.033318,0.0,0,0,-2.9053218198035204,-2.014409995798522,-0.0301063087355095,0.047180223249139,-0.1376903375606731,0.0350950794881042,0.9998532270909396,0.013040337887947867,-0.01062735067755906,0.003245501683639008,16.2160376171246
2375,649.296,549.804,-4.539,292.949,3.13471,0.041025,-0.033186,0.0,0,0,-3.2767194497729992,-2.1815384958230246,0.2559753724284123,0.0512985593724551,-0.1672407377349759,0.0360037044275619,0.99985317146057,0.01308541343829888,-0.010585070819339102,0.0032192780461685923,8.479007371149056
2500,650.288,549.783,32.635,293.03000000000003,3.134598,0.041089,-0.032866,0.0,0,0,-2.7844929643211125,-1.9691636061862887,-0.1178849905538607,0.0442249607871346,-0.1248653964401741,0.0379064970386498,0.999853783202611,0.013106303295673666,-0.010483383974192866,0.0032765362499839828,37.47388526069476
2625,652.296,549.815,77.041,293.003,3.134587,0.041044,-0.032894,0.0,0,0,-3.040335403333164,-1.844628798460028,-0.1184935504605225,0.0355531619545605,-0.145900215563431,0.0355943677365055,0.9998538580384676,0.013091996409520893,-0.010492352838290133,0.003282183346712002,36.30200480689737
2750,654.288,549.8420000000001,120.348,292.939,3.134549,0.040581,-0.033092,0.0,0,0,-3.0156990573933617,-2.340490683657806,-0.129105882237591,0.077627076453245,-0.1465607531044796,0.0356459614913878,0.9998550433838463,0.01294448340592534,-0.010555650301098578,0.00330315242779388,32.095812639467276
2875,655.296,549.805,137.497,293.011,3.134565,0.040473,-0.033012,0.0,0,0,-3.067851162460105,-2.2443398942050687,-0.0797365059654822,0.0684019180813458,-0.1497077171933633,0.0362659106145628,0.9998557817785593,0.012909977319316599,-0.010530086014510403,0.003296273369655879,17.013086368688793
3000,657.296,549.79,187.35999999999999,292.993,3.134532,0.040446,-0.03315,0.0,0,0,-3.1442943843849687,-1.972828069484354,-0.0498717160270103,0.045246878923551,-0.1538060498686694,0.0353316071794759,0.9998553728788794,0.012901495474111974,-0.010574211911358648,0.003312217115853016,26.7420691794782
3125,659.296,549.787,234.989,293.059,3.134615,0.040243,-0.032974,0.0,0,0,-3.094439162608813,-1.893375159918496,0.0058338984667249,0.0379115934755034,-0.1504272323351307,0.0375867052980474,0.9998569346141247,0.012836422533445486,-0.010517809224407511,0.003272957333664055,35.71701707869795
3250,660.296,549.843,240.651,292.991,3.134558,0.040554,-0.033062,0.0,0,0,-2.0301539666608543,-1.2236513870789678,-0.0786003821265085,-0.0114459011349514,-0.0631394383920517,0.0352778726753524,0.9998552703183318,0.012935836769486998,-0.010546053047116909,0.0032989860345238866,5.662685228758532
3375,662.296,549.805,287.431,293.09499999999997,3.134762,0.040366,-0.032915,0.0,0,0,-3.1351811441114394,-2.0326950230195853,0.0782829045296885,0.0528893746373514,-0.1581051849755247,0.034733672979572,0.9998568803017533,0.012875051704167837,-0.010498496924210583,0.0031989872135807455,10.18041703467984
3500,664.296,549.764,241.727,292.99399999999997,3.134508,0.040445,-0.03332,0.0,0,0,-2.9661188986673994,-1.9031775981876768,-0.0795830630413117,0.0397395438826505,-0.1432877936046775,0.036101839781302,0.9998547632224997,0.012901267407367918,-0.010628513537235729,0.0033233207115372218,37.08633878174806
3625,665.296,549.772,237.437,293.149,3.134765,0.040475,-0.032782,0.0,0,0,-2.982489437276733,-1.927991339806098,-0.0901817504083078,0.042241856526845,-0.1447619870122813,0.035883861993377,0.9998568816187008,0.01290980576965639,-0.010456065540231645,0.0031974815300938905,4.292806657654167
3750,667.296,549.851,240.078,293.13800000000003,3.13471,0.0405,-0.032556,0.0,0,0,-2.811093031156116,-1.996480293890704,-0.1857483986348297,0.0466905427662636,-0.1293422252818153,0.0361375960992731,0.9998574333001135,0.012918013484071763,-0.010384169061418279,0.003225993651347637,2.664108481274751
3875,669.296,549.7919999999999,287.402,293.18300000000005,3.134813,0.04035,-0.032596,0.0,0,0,-2.953578382175432,-1.8068455875672196,-0.1097009779726326,0.0356538884060553,-0.1396646743342213,0.0357800722274737,0.9998580889298295,0.01286975455579603,-0.01039659280051369,0.0031752602102910706,11.202910960995805
4000,671.296,549.803,287.404,288.13899999999995,3.134674,0.040431,-0.032881,0.0,0,0,-2.723870450462009,-1.7096101960802983,-0.2032509510101658,0.0267953838523143,-0.1210649292524448,0.0357377404255402,0.9998565783110629,0.012896142092509328,-0.010487943611184467,0.003242740512528496,5.006256086138651
4125,673.296,549.811,287.43800000000005,275.548,3.134832,0.040336,-0.032605,0.0,0,0,-2.7888937572021977,-1.615332880033876,-0.2769427110639677,0.0171496656864188,-0.1318371668489029,0.0359347332070433,0.9998581481687855,0.01286521200004853,-0.010399400963446607,0.0031658048395615413,12.60702875383408
4250,674.296,549.8199999999999,287.44,240.232,3.134789,0.040332,-0.03276,0.0,0,0,-2.952514574849915,-1.9790589044263944,0.094046802579503,0.0489080234695058,-0.1352717719389021,0.035674352589074,0.9998575797541208,0.012864105337438406,-0.010448975772450712,0.003186519638368895,35.31600120342053
4375,675.288,549.8459999999999,287.464,230.953,3.134873,0.040432,-0.032631,0.0,0,0,-3.113751452771857,-2.0682020719021668,-0.2079675844316161,0.0541289743984483,-0.1536839806020032,0.0355290081544814,0.9998577381978235,0.012895657358628056,-0.01040755330602968,0.00314455424565307,9.353898653146672
4500,676.296,549.775,287.45300000000003,193.36700000000002,3.134796,0.040513,-0.032807,0.0,0,0,-3.005795272977162,-2.0404616998819827,-0.0743922719198523,0.046998486872784,-0.1454177983692688,0.0365660683083116,0.9998566950551075,0.012921795959535349,-0.010463934046959647,0.0031816075996594357,37.28776653682655
4625,677.296,549.753,287.411,184.43499999999997,3.13464,0.040454,-0.032994,0.0,0,0,-3.064626037822646,-2.230068302424592,-0.1140173194446191,0.0702485862522915,-0.1508642034815565,0.0358193841102188,0.9998560492246138,0.012903611456286056,-0.010524095426625357,0.003258996131182652,8.932125838791166
4750,678.304,549.798,287.448,147.445,3.134871,0.04045,-0.032603,0.0,0,0,-3.05708002087628,-1.9686494121494855,-0.0761634287318109,0.0443284260446249,-0.149638604032229,0.0357504054193137,0.9998577536369159,0.012901406831290107,-0.010398629590124879,0.0031455836598904964,36.696474084561935
4875,679.304,549.731,287.411,138.261,3.133235,0.119028,-0.033212,0.0,0,0,-2.988894101320623,-1.9234069294285328,-0.0848962267254182,0.0412058031848601,-0.1433768240729698,0.0365182901388132,0.9992187708128405,0.037959173777999664,-0.010591626167917841,0.0029608506356209254,9.184318918678725
5000,680.304,549.772,287.383,138.24800000000002,3.128313,0.222052,-0.033498,0.0,0,0,-3.015029046932811,-1.876294093440798,-0.1019117026014432,0.0369848513058471,-0.1462678631363676,0.0362896222166638,0.9974299953889264,0.07079896587588962,-0.010680488169034958,0.0026149382061912154,0.05132250968147327
5125,680.304,549.772,287.383,138.24800000000002,3.128313,0.222052,-0.033498,0.0,0,0,-3.015029046932811,-1.876294093440798,-0.1019117026014432,0.0369848513058471,-0.1462678631363676,0.0362896222166638,0.9974299953889264,0.07079896587588962,-0.010680488169034958,0.0026149382061912154,0.05132250968147327
5250,682.296,549.786,287.383,138.257,3.107833,0.431668,-0.033942,0.0,0,0,-3.0198713473329524,-1.881924922839972,-0.0792311375097811,0.0376214531102798,-0.1470364023938043,0.0358390612565609,0.9904315270171025,0.1375677510356633,-0.010816934787041162,0.0018703174525698323,0.02210858084625405
5375,683.304,549.765,287.37800000000004,138.274,3.107813,0.431666,-0.033923,0.0,0,0,-2.994306000428052,-1.895157493529512,-0.1068921548241816,0.0393144413023069,-0.1488165132407656,0.0364409252391292,0.9904315385021293,0.13756800055185434,-0.010810949397730085,0.0018804620682230208,0.027259189809548168
5500,684.304,549.781,287.381,138.274,3.107815,0.431648,-0.033923,0.0,0,0,-3.0974244727366,-1.9067666728267216,-0.2569896920543256,0.0323064058929758,-0.1527190470358468,0.0371158232082915,0.9904323317631716,0.13756228576698082,-0.010810951099213458,0.001880709722576433,0.016278820596049983
5625,684.304,549.781,287.381,138.274,3.107815,0.431648,-0.033923,0.0,0,0,-3.0974244727366,-1.9067666728267216,-0.2569896920543256,0.0323064058929758,-0.1527190470358468,0.0371158232082915,0.9904323317631716,0.13756228576698082,-0.010810951099213458,0.001880709722576433,0.016278820596049983
5750,685.304,549.763,287.362,133.34199999999998,3.10777,0.43155,-0.033987,0.0,0,0,-3.012281868094491,-1.6526004969938313,0.0327107310737351,0.0216684780737752,-0.1446056159863659,0.0357855123745344,0.9904360411410984,0.13753356057701857,-0.010831544718644726,0.001909388060085007,4.932069443955565
5875,685.304,549.763,287.362,133.34199999999998,3.10777,0.43155,-0.033987,0.0,0,0,-3.012281868094491,-1.6526004969938313,0.0327107310737351,0.0216684780737752,-0.1446056159863659,0.0357855123745344,0.9904360411410984,0.13753356057701857,-0.010831544718644726,0.001909388060085007,4.932069443955565
6000,686.296,549.683,287.29900000000004,126.54799999999999,3.10754,0.431452,-0.034712,0.0,0,0,-3.0675921604937955,-1.90391195759445,-0.0402372376255915,0.0341633620064554,-0.1521325805971043,0.0362564460433659,0.9904361674925325,0.137512522875647,-0.01106342001905069,0.002026058380475829,6.84955953320834
6125,686.296,549.683,287.29900000000004,126.54799999999999,3.10754,0.431452,-0.034712,0.0,0,0,-3.0675921604937955,-1.90391195759445,-0.0402372376255915,0.0341633620064554,-0.1521325805971043,0.0362564460433659,0.9904361674925325,0.137512522875647,-0.01106342001905069,0.002026058380475829,6.84955953320834
6250,687.304,548.739,291.01700000000005,123.512,3.107795,0.431639,-0.033711,0.0,0,0,-2.979535023839919,-2.306708995389044,0.03035953918459,0.0751837328010155,-0.1424673879167674,0.0349497510260798,0.9904333005699351,0.13756043735983428,-0.01074346827751286,0.0018923754611056718,4.8532042108667115
6375,687.304,548.739,291.01700000000005,123.512,3.107795,0.431639,-0.033711,0.0,0,0,-2.979535023839919,-2.306708995389044,0.03035953918459,0.0751837328010155,-0.1424673879167674,0.0349497510260798,0.9904333005699351,0.13756043735983428,-0.01074346827751286,0.0018923754611056718,4.8532042108667115
6500,688.304,547.6189999999999,295.128,123.518,3.107787,0.431432,-0.033739,0.0,0,0,-2.9802452770059875,-1.8639482450955165,-0.0932821739592727,0.0362369695418934,-0.1409772912986852,0.0361534995000909,0.9904421090749135,0.1374960446138709,-0.010752514994778762,0.0019104209130040108,4.260839940668943
6625,689.296,547.077,296.909,123.48299999999999,3.107805,0.431357,-0.033872,0.0,0,0,-3.1746816345554776,-1.7724773329429608,0.032897310082933,0.0257678549794096,-0.1622807217177709,0.0361411344223584,0.9904450291112871,0.1374717514201687,-0.01079487098645427,0.0019059461164713054,1.8769906836221057
6750,690.304,547.057,296.918,122.99300000000001,3.107728,0.431485,-0.034083,0.0,0,0,-2.9975265282990384,-1.8715641461372816,-0.092849533281298,0.037665745131585,-0.1416073462949701,0.0358514723448245,0.9904382322570063,0.13751500795610633,-0.010862310430647584,0.0019341361266800934,0.48659778844787666
6875,690.304,547.057,296.918,122.99300000000001,3.107728,0.431485,-0.034083,0.0,0,0,-2.9975265282990384,-1.8715641461372816,-0.092849533281298,0.037665745131585,-0.1416073462949701,0.0358514723448245,0.9904382322570063,0.13751500795610633,-0.010862310430647584,0.0019341361266800934,0.48659778844787666
7000,691.304,547.12,296.95,118.54599999999999,3.107854,0.431502,-0.033633,0.0,0,0,-3.4402933917948717,-2.305210789939297,-0.0694106076887157,0.0710551295345171,-0.1822994499803727,0.0374788908601066,0.9904399063442131,0.13751508290522677,-0.010718478207172834,0.0018729974258150561,4.447561354270467
7125,693.304,542.365,295.545,118.76599999999999,3.107999,0.431401,-0.0332,0.0,0,0,-2.987085225400081,-1.8636610165608527,-0.0986696193312333,0.0375091424105447,-0.1411674949734976,0.0360545720793637,0.9904467380553991,0.137477429446997,-0.010580065084782604,0.001810439412862206,4.913389563224107
7250,695.304,542.334,295.54999999999995,108.788,3.107977,0.431391,-0.033517,0.0,0,0,-3.0146900726353336,-2.2755251062568567,0.0468615823784015,0.0661013684686748,-0.1458595896497511,0.0360190978787758,0.9904459572280414,0.13747510742021646,-0.010681152771855218,0.0018203367525383436,4.992284046406018
7375,696.304,542.402,295.576,106.254,3.108049,0.431308,-0.03318,0.0,0,0,-2.995079166093765,-1.87092005231281,-0.0878721060718417,0.0370253377114456,-0.1455850833497052,0.0363213494310008,0.9904511752958499,0.13744619712060605,-0.010573568819640972,0.0017921759314271123,2.5350455617207306
7500,696.304,542.402,295.576,106.254,3.108049,0.431308,-0.03318,0.0,0,0,-2.995079166093765,-1.87092005231281,-0.0878721060718417,0.0370253377114456,-0.1455850833497052,0.0363213494310008,0.9904511752958499,0.13744619712060605,-0.010573568819640972,0.0017921759314271123,2.5350455617207306
7625,697.304,542.42,295.585,103.729,3.108141,0.431379,-0.0331,0.0,0,0,-2.983307234329876,-1.932243024246924,-0.0933834527974682,0.0421773534153471,-0.1430493020247207,0.0364505775148301,0.9904490063993134,0.13746445284545633,-0.010547739665548402,0.001742157989358154,2.525080196746239
7750,698.288,541.449,295.237,103.63,3.107945,0.431437,-0.033575,0.0,0,0,-2.785448368121879,-1.9083875077072665,-0.1118471562523849,0.0398861956247663,-0.1252802053430768,0.0360274778227194,0.9904435490625074,0.13749084796445274,-0.010699720284552555,0.0018327117374447386,1.0530662181987043
7875,698.288,541.449,295.237,103.63,3.107945,0.431437,-0.033575,0.0,0,0,-2.785448368121879,-1.9083875077072665,-0.1118471562523849,0.0398861956247663,-0.1252802053430768,0.0360274778227194,0.9904435490625074,0.13749084796445274,-0.010699720284552555,0.0018327117374447386,1.0530662181987043
8000,699.304,541.417,295.268,103.768,3.108172,0.431335,-0.032958,0.0,0,0,-3.0048099820573952,-1.856541248158201,-0.1145816203780284,0.0365426595657826,-0.1460394119692065,0.0362273330030936,0.990451594671484,0.13744941997663726,-0.010502412240115016,0.0017305773426864958,0.14273011067663402
8125,699.304,541.417,295.268,103.768,3.108172,0.431335,-0.032958,0.0,0,0,-3.0048099820573952,-1.856541248158201,-0.1145816203780284,0.0365426595657826,-0.1460394119692065,0.0362273330030936,0.990451594671484,0.13744941997663726,-0.010502412240115016,0.0017305773426864958,0.14273011067663402
8250,700.304,540.5640000000001,294.96,103.69,3.108105,0.431241,-0.033159,0.0,0,0,-3.038352602013842,-1.9911557529750856,-0.0431665796867067,0.0466835203297782,-0.1457052687214715,0.035984348802339,0.9904545313683063,0.1374228356383712,-0.010566722104189423,0.0017691582943553115,0.9102510642673887
8375,700.304,540.5640000000001,294.96,103.69,3.108105,0.431241,-0.033159,0.0,0,0,-3.038352602013842,-1.9911557529750856,-0.0431665796867067,0.0466835203297782,-0.1457052687214715,0.035984348802339,0.9904545313683063,0.1374228356383712,-0.010566722104189423,0.0017691582943553115,0.9102510642673887
8500,701.288,540.577,295.011,99.418,3.108202,0.431262,-0.032882,0.0,0,0,-2.9491089965618964,-1.8926143749819864,-0.0301920658691381,0.0389801422740835,-0.1396687684767533,0.0357052026759537,0.9904552106451301,0.1374253330553291,-0.010478131162785806,0.001721135636211486,4.3417928778644415
8625,703.304,540.601,295.01500000000004,88.932,3.108212,0.431287,-0.032812,0.0,0,0,-3.02766110865397,-1.9125433362726203,-0.0996500783689856,0.0390842114081478,-0.1458438248554966,0.0363396272497121,0.9904544287793394,0.13743274886814508,-0.010455783169586787,0.0017148318426007966,5.331221060882773
8750,704.304,540.616,295.049,88.80799999999999,3.108202,0.431472,-0.032805,0.0,0,0,-3.145349361733917,-2.17024597927434,-1.347056488302358,0.0849445288144168,-0.1681894440432671,0.0381425043692234,0.9904463781932803,0.13749102525891532,-0.010453501232104787,0.001707105461305841,0.12944883158992787
8875,704.304,540.616,295.049,88.80799999999999,3.108202,0.431472,-0.032805,0.0,0,0,-3.145349361733917,-2.17024597927434,-1.347056488302358,0.0849445288144168,-0.1681894440432671,0.0381425043692234,0.9904463781932803,0.13749102525891532,-0.010453501232104787,0.001707105461305841,0.12944883158992787
9000,705.304,540.5609999999999,294.969,88.73,3.108022,0.431296,-0.033252,0.0,0,0,-2.8712611077427552,-1.674334460241589,-1.2081104118228854,-0.0044690462615467,-0.1193773854989916,0.0383436887983156,0.9904512672047889,0.13744357978816002,-0.010596606310088422,0.001805990629094302,0.12453513560438556
9125,705.304,540.5609999999999,294.969,88.73,3.108022,0.431296,-0.033252,0.0,0,0,-2.8712611077427552,-1.674334460241589,-1.2081104118228854,-0.0044690462615467,-0.1193773854989916,0.0383436887983156,0.9904512672047889,0.13744357978816002,-0.010596606310088422,0.001805990629094302,0.12453513560438556
9250,707.304,540.569,294.98400000000004,88.739,3.108032,0.431411,-0.033187,0.0,0,0,-2.6178209810948925,-1.8212018567334485,0.6573813569600362,0.0337307536392504,-0.1163741925872599,0.0353927132120548,0.9904465777430381,0.1374791342401564,-0.010575808284972036,0.001793478408185539,0.08661408661414102
9375,708.304,541.2379999999999,276.39200000000005,99.97,3.110094,0.417258,-0.032548,0.0,0,0,-2.457371082940988,-1.5737101617300564,-0.2393050045379658,0.0092799781677383,-0.0914459031881058,0.0347267154929248,0.9910651136383247,0.13296377768212153,-0.010371772466909422,0.0017322498226909878,21.731207651669965
9500,708.304,541.2379999999999,276.39200000000005,99.97,3.110094,0.417258,-0.032548,0.0,0,0,-2.457371082940988,-1.5737101617300564,-0.2393050045379658,0.0092799781677383,-0.0914459031881058,0.0347267154929248,0.9910651136383247,0.13296377768212153,-0.010371772466909422,0.0017322498226909878,21.731207651669965
9625,710.304,338.549,-98.479,287.111,3.134857,0.063921,-0.033174,0.0,0,0,-2.9249794301174585,-1.8856513089601343,0.4727104631074086,0.0367692729633634,-0.140410019172235,0.0367028748723461,0.9997318648604638,0.020384936389042856,-0.010579463396538034,0.0029542689916794264,234.97523964452085
9750,711.304,315.023,-112.003,292.928,3.134957,0.041305,-0.03313,0.0,0,0,-2.4919993523698363,-2.6609346181792044,0.4791681343412277,0.1141555463440053,-0.0901296575361569,0.0367759624301052,0.9998526049545567,0.013173677293707048,-0.010566370384711645,0.003094254197884536,27.752634847884227
9875,712.304,314.968,-112.07300000000001,292.891,3.13468,0.041366,-0.033508,0.0,0,0,-0.8762459444615092,-1.5182212275484237,0.4432755136827109,0.0116747601094135,-0.0114521576927218,0.0362311447481192,0.9998506118572956,0.013194271954422427,-0.010687851487907622,0.0032303230111796815,0.09640539403996093
10000,712.304,314.968,-112.07300000000001,292.891,3.13468,0.041366,-0.033508,0.0,0,0,-0.8762459444615092,-1.5182212275484237,0.4432755136827109,0.0116747601094135,-0.0114521576927218,0.0362311447481192,0.9998506118572956,0.013194271954422427,-0.010687851487907622,0.0032303230111796815,0.09640539403996093
10125,713.304,285.84,-168.731,291.19,2.896812,-0.246462,-0.15916,0.0,0,0,2.461456592298725,-1.9364903411619712,-1.7130755051941446,0.063191335067809,0.2180917343262735,0.0396818139250551,0.9883409984223366,-0.08408847351956768,-0.05430257583471039,0.1147276327499323,63.72960653416904
10250,714.312,242.975,-266.96999999999997,326.151,2.383518,-0.574398,-0.172875,0.0,0,0,3.7970273852352094,-4.9149478824201465,-4.014128306569329,0.263394207373214,0.3217864785751192,0.0378381673796055,0.9136385527394577,-0.2201754538528507,-0.06626560605157325,0.3352554756054819,111.84644040478312
10375,715.312,234.96200000000002,-339.62399999999997,394.475,1.921663,-0.665739,0.037955,0.0,0,0,3.746846742407261,-6.632483845214774,-7.223297704249259,0.4251282617381924,0.328608870240783,0.0394506888207628,0.8035492839968132,-0.27838080702951273,0.015870999792418884,0.5258904694243802,100.05488924085618
10500,716.312,269.486,-375.904,469.343,1.588234,-0.597647,0.395896,0.0,0,0,2.6580713512960843,-7.943426003794824,-9.174581814699586,0.5018759805956112,0.2606870327260397,0.0391367935363121,0.6973929808586756,-0.2624265837598521,0.17383779188080992,0.643860031760932,90.07420496457351
10625,717.312,337.046,-369.94899999999996,523.518,1.421088,-0.431782,0.833249,0.0,0,0,2.002575768730278,-8.110612545577418,-10.042911980648604,0.46951972478932,0.2389293729659049,0.0328344285583809,0.6277393959986981,-0.19073172940951572,0.36807236707122937,0.6588530873466613,86.8029161376506
10750,718.312,414.976,-322.592,539.5569999999999,1.440569,-0.230722,1.299489,0.0,0,0,0.573093543287446,-10.065732882849876,-9.81697037789343,0.6498688880436673,0.1200042796659164,0.0277144944248237,0.6110685138483838,-0.09786893210399975,0.5512244203452402,0.5596146727231196,92.59060357293279
10875,719.312,474.74899999999997,-241.39,515.6809999999999,1.662867,-0.048222,1.73593,0.0,0,0,-1.6288945561434478,-10.407282438919108,-8.459182126394992,0.633727179168257,-0.0405767906998465,0.0326455269205779,0.6451487879684074,-0.018708871397058537,0.6734953159200329,0.36032912586650373,103.61775769143044
11000,720.312,492.425,-139.623,466.194,2.104535,0.053686,2.064011,0.0,0,0,-3.4415065996969485,-10.64197376167048,-7.270444662765354,0.655273670648971,-0.1669400431210715,0.0320357830686737,0.7104953199241458,0.018124503391698257,0.6968143346496761,0.09652816049951073,114.5335166403267
11125,721.312,484.529,-95.21499999999999,444.125,-2.293317,-0.054094,-2.087168,0.0,0,0,-3.4819847464323983,-11.102348037732874,-7.4769189500632764,0.7184521082741794,-0.1709549913535192,0.0334976311033822,0.7393032235736638,0.01743843898422842,0.6728463751586881,-0.020109696546612283,50.21412192799951
11250,722.304,488.997,-95.208,444.027,-2.293674,-0.053875,-2.086624,0.0,0,0,-3.295072734100254,-10.17091965387245,-7.126502746092389,0.6033473850179182,-0.1489791178746513,0.0328921047139872,0.739442762870455,0.017368413667175786,0.672693249185281,-0.020162617532040995,4.505121075291143
11375,722.304,488.997,-95.208,444.027,-2.293674,-0.053875,-2.086624,0.0,0,0,-3.295072734100254,-10.17091965387245,-7.126502746092389,0.6033473850179182,-0.1489791178746513,0.0328921047139872,0.739442762870455,0.017368413667175786,0.672693249185281,-0.020162617532040995,4.505121075291143
11500,723.304,526.203,-95.17699999999999,444.076,-2.29348,-0.053938,-2.08666,0.0,0,0,-3.3022091118498182,-10.791064553833795,-7.282269366044943,0.6775837838608996,-0.151386764573947,0.0340094376299541,0.7394075101158912,0.01738936562805472,0.6727296837375629,-0.02022168552892089,37.20604518085733
11625,724.312,534.5020000000001,-95.206,444.083,-2.293376,-0.053825,-2.086851,0.0,0,0,-3.570621883981632,-9.372388912399376,-7.210089847736203,0.4974878572578284,-0.1806957219994354,0.0334617762472719,0.739362515252409,0.017352665844353875,0.6727808280530558,-0.020196866884994686,8.233188115818189
11750,725.312,557.9159999999999,-95.216,444.14,-2.293348,-0.053859,-2.086977,0.0,0,0,-3.306880153789156,-10.384220400749252,-7.186653501850992,0.6351976764972134,-0.1513370040115938,0.0338689714055607,0.7393385524364701,0.01736327635216105,0.6728078573980953,-0.020164536663353903,23.414071516931735
11875,726.312,584.442,-95.192,444.06,-2.293506,-0.053896,-2.08668,0.0,0,0,-3.350950168428488,-10.62751020886786,-7.234649462012625,0.6620688900627225,-0.1558317617939714,0.0341771361735926,0.7394085120454453,0.017375651585477134,0.6727294168469539,-0.02020571096195387,26.526131493303044
12000,727.312,584.475,-95.17399999999999,444.18,-2.29316,-0.054017,-2.086997,0.0,0,0,-3.31274465820111,-10.50161386721752,-7.173868094678799,0.6496701675341242,-0.1535116054852527,0.0339427005431009,0.7393063047034448,0.017414881064193505,0.6728401158214757,-0.0202259309946452,0.1257497514908166
12125,727.312,584.475,-95.17399999999999,444.18,-2.29316,-0.054017,-2.086997,0.0,0,0,-3.31274465820111,-10.50161386721752,-7.173868094678799,0.6496701675341242,-0.1535116054852527,0.0339427005431009,0.7393063047034448,0.017414881064193505,0.6728401158214757,-0.0202259309946452,0.1257497514908166
12250,728.312,589.424,-95.17200000000001,444.137,-2.29326,-0.053987,-2.08693,0.0,0,0,-3.360913189263495,-10.698845491904777,-7.251607387828075,0.6676889564468372,-0.1575471485630727,0.0338022167476602,0.739332000666745,0.017405055126760837,0.6728125603513994,-0.020211765868852902,4.949187205996512
12375,730.312,599.3570000000001,-95.125,444.09900000000005,-2.293277,-0.054229,-2.086766,0.0,0,0,-3.314735249165562,-10.901302965218967,-7.372978521804708,0.6942292039637045,-0.1534696462440055,0.0343590871815852,0.7393590889816058,0.017483585295794406,0.6727793496720151,-0.02025853993738647,4.957021989057536
12500,731.312,599.376,-88.865,444.228,-2.293011,-0.054031,-2.087117,0.0,0,0,-3.003287416510057,-10.703055150340449,-7.246280004191956,0.6729649525953527,-0.1371491674619051,0.0353770859003367,0.739265003651719,0.01741955333502806,0.6728849345365395,-0.020240514103863714,6.261357839957724
12625,732.312,599.348,-51.242999999999995,444.229,-2.292954,-0.054483,-2.087026,0.0,0,0,-3.2724497750850805,-10.60859551178126,-7.145149042126836,0.6686353076454403,-0.1509487518244825,0.0350669472262202,0.7392686736656651,0.017565801645966918,0.6728756629769974,-0.0202882459175038,37.62201043272409
12750,733.312,599.306,-45.132,443.137,-2.293492,-0.054116,-2.086425,0.0,0,0,-3.158273117839136,-10.419915495910988,-7.257455456684164,0.622470527535308,-0.1315211367909435,0.0346639960623314,0.7394451306915285,0.017447548407625905,0.6726846253673754,-0.020294741819137017,6.20794241274836
12875,733.312,599.306,-45.132,443.137,-2.293492,-0.054116,-2.086425,0.0,0,0,-3.158273117839136,-10.419915495910988,-7.257455456684164,0.622470527535308,-0.1315211367909435,0.0346639960623314,0.7394451306915285,0.017447548407625905,0.6726846253673754,-0.020294741819137017,6.20794241274836
13000,734.312,599.394,-45.135,410.44199999999995,-2.293247,-0.054161,-2.0868,0.0,0,0,-3.1840886232826726,-10.726137989637415,-7.193639632101792,0.6720522993880788,-0.141782182358832,0.0351038339189397,0.7393495310155662,0.01746166459580415,0.6727904152161907,-0.020258786978282914,32.695118565314964
13125,735.312,599.4159999999999,-45.128,393.938,-2.293106,-0.054231,-2.08688,0.0,0,0,-3.2727472284489862,-10.624389530667749,-7.200060649041699,0.6557276729074001,-0.1503154127861244,0.0345531312731114,0.7393154349471122,0.01748450152440264,0.672826548307156,-0.020283386021174896,16.504016147592644
13250,736.312,599.3870000000001,-45.178000000000004,365.147,-2.292737,-0.054084,-2.087365,0.0,0,0,-3.287040980398781,-10.163073702731657,-6.984648205050008,0.6215618335278504,-0.1515808633821884,0.0355141323025349,0.7391846879901567,0.01743682972153354,0.6729721927314706,-0.02025788291883601,28.791058021545506
13375,738.312,599.38,-45.128,320.69599999999997,-2.293306,-0.054196,-2.086659,0.0,0,0,-3.4110965832856666,-10.73611363183162,-7.064760451988748,0.676793656125511,-0.1692779614818966,0.0356151722447701,0.7393802465947794,0.017473225049099716,0.6727555964965931,-0.02028410053070737,23.611003324721285
13500,739.312,599.3530000000001,-45.102000000000004,294.454,-2.292824,-0.054245,-2.087057,0.0,0,0,-3.21450511919563,-10.79394556561121,-7.194549606822684,0.6837914463090823,-0.1444384912461847,0.0358020365284116,0.7392450997712693,0.017489502219573985,0.672902351071572,-0.020327953626184694,26.242026770049563
13625,740.312,599.3770000000001,-45.094,278.04200000000003,-2.293009,-0.054305,-2.08693,0.0,0,0,-3.2305521434499544,-10.421519046506829,-7.1617989643263975,0.6402429010212485,-0.1443034309030465,0.0357586852962343,0.7392926546806375,0.01750856085276247,0.6728503986825447,-0.0203017739338649,16.41201949791674
13750,741.312,599.34,-45.088,245.30599999999998,-2.292975,-0.054397,-2.086919,0.0,0,0,-3.255769721805948,-10.738935754865288,-7.293694557436881,0.6783293887706496,-0.1487406184221013,0.0352026272746073,0.7392888346300759,0.01753839214879021,0.6728533522944485,-0.020317236481923802,32.73602145954824
13875,742.312,599.371,-45.074999999999996,235.83200000000002,-2.293053,-0.054341,-2.086792,0.0,0,0,-3.329204174043386,-11.052919951111834,-7.046033953352946,0.7111088727916322,-0.1600877942719636,0.0359853679289927,0.7393206264969435,0.017520494364705225,0.6728184515616559,-0.020331619501624595,9.474059636713253
14000,743.312,599.345,-45.091,198.795,-2.292804,-0.05437,-2.087122,0.0,0,0,-3.2278587605876727,-10.65158670485291,-7.234840334753833,0.6663626299627664,-0.1474880019518948,0.0355091937987908,0.7392314597143526,0.01752963378669496,0.6729167615993076,-0.02031238210039343,37.037012582010476
14125,744.312,599.3439999999999,-45.12,187.46699999999998,-2.293002,-0.054255,-2.086951,0.0,0,0,-3.2191635015421283,-10.88867262321819,-7.1889737333187735,0.6901545855350549,-0.1492540565883122,0.0359416444294944,0.7392885317844259,0.01749239612174958,0.6728554709921926,-0.020297734007087277,11.328037164487062
14250,745.312,599.3199999999999,-45.119,150.014,-2.293158,-0.054319,-2.086808,0.0,0,0,-3.31455118049394,-10.696721741890103,-7.270700748849952,0.6701010633781798,-0.1546389777093449,0.0359809056805601,0.7393341536361369,0.01751291969038388,0.672805112635553,-0.020287615003155235,37.45300770298693
14375,747.312,599.3420000000001,-40.07899999999999,144.538,-2.292884,-0.054523,-2.086956,0.0,0,0,-3.2966325482069774,-10.707095127929987,-7.166009330483127,0.6722721689206885,-0.1515862285664725,0.0363898493207932,0.7392687705468095,0.017579236968169213,0.6728737242290876,-0.020337319486679408,5.0030028982602035
14500,749.32,599.327,-29.062,144.452,-2.293077,-0.05495,-2.086729,0.0,0,0,-3.3473425884200734,-10.663999874816604,-7.2056425117078655,0.6660926451104313,-0.160691614767186,0.0367508444557234,0.7393315778431753,0.017716923680488043,0.672801063418765,-0.020338576198928104,5.485419493417811
14625,751.32,599.4209999999999,-25.152,135.453,-2.293072,-0.054858,-2.086937,0.0,0,0,-3.252456239252401,-10.778306255291968,-7.230273730503377,0.6819229840629106,-0.1530363639689452,0.0368445817292664,0.7392988744563636,0.017686517324762237,0.6728398302196092,-0.020271265439584733,8.15854545859737
14750,752.304,599.4789999999999,-25.133,129.78400000000002,-2.292763,-0.054811,-2.087185,0.0,0,0,-3.312691555030764,-10.046906844797183,-7.265841874849632,0.5979760993251677,-0.1566990875007086,0.0359159960730233,0.7392136574025224,0.017671708665871554,0.6729329012748739,-0.020302458082598444,5.761512735436748
14875,752.304,599.4789999999999,-25.133,129.78400000000002,-2.292763,-0.054811,-2.087185,0.0,0,0,-3.312691555030764,-10.046906844797183,-7.265841874849632,0.5979760993251677,-0.1566990875007086,0.0359159960730233,0.7392136574025224,0.017671708665871554,0.6729329012748739,-0.020302458082598444,5.761512735436748
15000,753.32,599.483,-25.133,124.78599999999999,-2.292946,-0.0549,-2.087059,0.0,0,0,-3.284774088593593,-10.638233786017702,-7.248675525911991,0.6641713293448863,-0.1526360845219134,0.0362813877121865,0.7392606340400798,0.017700115401235082,0.6728813324077649,-0.020276424009002657,4.9192929140154105
15125,753.32,599.483,-25.133,124.78599999999999,-2.292946,-0.0549,-2.087059,0.0,0,0,-3.284774088593593,-10.638233786017702,-7.248675525911991,0.6641713293448863,-0.1526360845219134,0.0362813877121865,0.7392606340400798,0.017700115401235082,0.6728813324077649,-0.020276424009002657,4.9192929140154105
15250,754.32,599.4359999999999,-25.155,124.691,-2.292948,-0.054806,-2.086983,0.0,0,0,-3.280684802211784,-10.714872696358649,-7.211039946951277,0.6721758242437611,-0.152754857535743,0.0356851907045768,0.7392731313296202,0.01767009249038843,0.6728676173387642,-0.020302085172060138,0.1082497113160103
15375,754.32,599.4359999999999,-25.155,124.691,-2.292948,-0.054806,-2.086983,0.0,0,0,-3.280684802211784,-10.714872696358649,-7.211039946951277,0.6721758242437611,-0.152754857535743,0.0356851907045768,0.7392731313296202,0.01767009249038843,0.6728676173387642,-0.020302085172060138,0.1082497113160103
15500,755.32,599.441,-25.098,124.693,-2.292874,-0.054975,-2.086991,0.0,0,0,-3.3847352054481266,-10.439123816839787,-7.223870386801302,0.6408243058909036,-0.1679294964903582,0.0372315118796732,0.7392599724162864,0.017724836595288423,0.6728799354404289,-0.020325251103639728,0.05725382083321007
15625,755.32,599.441,-25.098,124.693,-2.292874,-0.054975,-2.086991,0.0,0,0,-3.3847352054481266,-10.439123816839787,-7.223870386801302,0.6408243058909036,-0.1679294964903582,0.0372315118796732,0.7392599724162864,0.017724836595288423,0.6728799354404289,-0.020325251103639728,0.05725382083321007
15750,756.312,598.463,-25.171,124.58800000000001,-2.293223,-0.05498,-2.086912,0.0,0,0,-3.282163368810801,-10.717921450021572,-7.189966606627111,0.6738667203267131,-0.1477494266515674,0.0361090687841234,0.7393251589854739,0.01772531377934957,0.6728113865021821,-0.020222777641533626,0.9942797420169134
15875,756.312,598.463,-25.171,124.58800000000001,-2.293223,-0.05498,-2.086912,0.0,0,0,-3.282163368810801,-10.717921450021572,-7.189966606627111,0.6738667203267131,-0.1477494266515674,0.0361090687841234,0.7393251589854739,0.01772531377934957,0.6728113865021821,-0.020222777641533626,0.9942797420169134
16000,757.312,597.488,-25.26,124.714,-2.293148,-0.054729,-2.087235,0.0,0,0,-3.292573868056245,-10.65558018864042,-7.2430291399881,0.6657841725359434,-0.150863878466228,0.0360076024735904,0.7392646146820737,0.017643524577103272,0.6728824210325449,-0.02014405581910382,0.9871281578396094
16125,757.312,597.488,-25.26,124.714,-2.293148,-0.054729,-2.087235,0.0,0,0,-3.292573868056245,-10.65558018864042,-7.2430291399881,0.6657841725359434,-0.150863878466228,0.0360076024735904,0.7392646146820737,0.017643524577103272,0.6728824210325449,-0.02014405581910382,0.9871281578396094
16250,758.312,597.48,-25.279,124.741,-2.293102,-0.054653,-2.087315,0.0,0,0,-3.3582772942724817,-10.383705871914009,-7.40207900675891,0.6314535319490593,-0.1606094339180747,0.0356525995310933,0.7392455156003079,0.017618921951183867,0.672904324969084,-0.0201348129371627,0.03397057550293495
16375,758.312,597.48,-25.279,124.741,-2.293102,-0.054653,-2.087315,0.0,0,0,-3.3582772942724817,-10.383705871914009,-7.40207900675891,0.6314535319490593,-0.1606094339180747,0.0356525995310933,0.7392455156003079,0.017618921951183867,0.672904324969084,-0.0201348129371627,0.03397057550293495
16500,759.32,597.515,-25.225,118.625,-2.292985,-0.054749,-2.087322,0.0,0,0,-3.0097695660520345,-10.63860336446915,-7.267679741500297,0.6642882329407397,-0.0998495496460592,0.0445855714609575,0.739226293912283,0.017650311870947077,0.6729234191508336,-0.020174856577449166,6.067796159614138
16625,759.32,597.515,-25.225,118.625,-2.292985,-0.054749,-2.087322,0.0,0,0,-3.0097695660520345,-10.63860336446915,-7.267679741500297,0.6642882329407397,-0.0998495496460592,0.0445855714609575,0.739226293912283,0.017650311870947077,0.6729234191508336,-0.020174856577449166,6.067796159614138
16750,760.304,597.557,-25.228,114.899,-2.292735,-0.054724,-2.087658,0.0,0,0,-2.093920409871599,-10.455620586366488,-7.746030403316246,0.6542737368333444,0.0737999943068238,0.0651560170052314,0.7391362564491999,0.01764202687965509,0.6730231443521487,-0.020154415302539294,3.7868271495018733
16875,760.304,597.557,-25.228,114.899,-2.292735,-0.054724,-2.087658,0.0,0,0,-2.093920409871599,-10.455620586366488,-7.746030403316246,0.6542737368333444,0.0737999943068238,0.0651560170052314,0.7391362564491999,0.01764202687965509,0.6730231443521487,-0.020154415302539294,3.7868271495018733
17000,761.32,597.576,-25.197,109.926,-2.292632,-0.054754,-2.087643,0.0,0,0,-3.1601332159429827,-10.041915532222514,-7.400558374941595,0.5426355994558967,-0.1385700306616859,0.0350700823468043,0.7391228399248496,0.017652170944680707,0.6730363280758678,-0.02019726349082004,4.8948158621843
17125,761.32,597.576,-25.197,109.926,-2.292632,-0.054754,-2.087643,0.0,0,0,-3.1601332159429827,-10.041915532222514,-7.400558374941595,0.5426355994558967,-0.1385700306616859,0.0350700823468043,0.7391228399248496,0.017652170944680707,0.6730363280758678,-0.02019726349082004,4.8948158621843
17250,762.32,597.534,-25.233999999999998,109.807,-2.292895,-0.054704,-2.087463,0.0,0,0,-3.2793159788801214,-10.06056585918182,-7.289362779725114,0.5445154708219695,-0.1530124314381399,0.0357518678956579,0.7391909138055549,0.017635652635126804,0.672963080518421,-0.020161075432599658,0.13150665382406473
17375,762.32,597.534,-25.233999999999998,109.807,-2.292895,-0.054704,-2.087463,0.0,0,0,-3.2793159788801214,-10.06056585918182,-7.289362779725114,0.5445154708219695,-0.1530124314381399,0.0357518678956579,0.7391909138055549,0.017635652635126804,0.672963080518421,-0.020161075432599658,0.13150665382406473
17500,764.32,607.281,-64.158,142.25799999999998,2.14441,0.041911,2.087368,0.0,0,0,-0.0170646367550029,-9.340874419049396,-9.032685047391904,0.5123046826576707,0.0486723102133437,0.0397214184410155,0.7145231273709843,0.013964856902945482,0.6955165809402665,0.07428572447536702,50.76938685490886
17625,765.32,597.134,-170.93900000000002,226.699,1.716305,-0.075211,1.785184,0.0,0,0,1.308440378993289,-8.492330599188932,-9.523682273741075,0.455568583699611,0.1284929697873705,0.0388145779950415,0.6549093513204034,-0.028699087412877584,0.681192267940467,0.32595582221043296,136.51163339071147
17750,765.32,597.134,-170.93900000000002,226.699,1.716305,-0.075211,1.785184,0.0,0,0,1.308440378993289,-8.492330599188932,-9.523682273741075,0.455568583699611,0.1284929697873705,0.0388145779950415,0.6549093513204034,-0.028699087412877584,0.681192267940467,0.32595582221043296,136.51163339071147
17875,766.32,540.395,-261.927,287.56,1.50116,-0.255881,1.355704,0.0,0,0,2.0117552043166245,-8.090164123914924,-9.030439284871534,0.4439044350962847,0.1592951938411318,0.0402910919733812,0.6271670974390766,-0.10690409021010977,0.5663972812135588,0.5238578692928849,123.29716779391164
18000,767.32,458.96500000000003,-320.337,312.269,1.483573,-0.442542,0.88574,0.0,0,0,2.8915862948312125,-6.0590787884787245,-7.175323719626444,0.3002063989392499,0.2076168710203715,0.0398271973648183,0.6472945413993778,-0.19308454719785506,0.38645531234329883,0.6279971543483394,103.2138928681599
18125,768.32,378.91799999999995,-337.307,304.029,1.641578,-0.5905,0.437802,0.0,0,0,3.8048592587113856,-5.10441221687901,-4.99522532673294,0.255790700209363,0.2618757628898238,0.04117973180994,0.7145377336830914,-0.25702984064105727,0.19056423080835927,0.6221388607855022,82.23989730659939
18250,769.312,322.47999999999996,-312.407,278.543,1.951069,-0.649361,0.06913,0.0,0,0,2.623678765504496,-3.164820464757059,-2.301155425825594,0.1444451390394975,0.1961944888194237,0.0369196346181545,0.812348329197497,-0.2703683587797335,0.028783010748170856,0.5159095666035464,67.28250352530368
18375,770.32,298.712,-251.712,258.367,2.387036,-0.564068,-0.162659,0.0,0,0,-0.3225447144726028,-1.5079117793071528,-0.7802772618816343,0.0255763430058835,0.0075166941612151,0.0332069135967943,0.9149191037547488,-0.21619975107905104,-0.062345028100809406,0.3351026688778718,67.69240993205878
18500,772.32,314.879,-112.679,292.509,3.132187,0.037147,-0.035612,0.0,0,0,-2.99467792446691,-1.9446241958224024,-0.1299263219019664,0.0395028820476181,-0.1450821635311918,0.0356719346907247,0.9998549800575146,0.011858044536994915,-0.011368042696623224,0.004491462923505591,62.64857446103622
